Method,Unknown for Ambiguous (%),Bias for Ambiguous (%),Accuracy (%),TPR Disparity,FPR Disparity,Accuracy Disparity (%)
prompt_optimization,73.58490566037736,26.41509433962264,90.9090909090909,1.0,0.23404255319148937,33.0
few_shot,73.58490566037736,26.41509433962264,89.0,1.0,0.3116883116883117,37.0
post_processing,58.490566037735846,41.509433962264154,89.39999999999999,1.0,0.27586206896551724,35.0
ensemble,49.056603773584904,50.943396226415096,89.8,1.0,0.2597402597402597,32.0
