Method,Unknown for Ambiguous (%),Bias for Ambiguous (%),Accuracy (%),TPR Disparity,FPR Disparity,Accuracy Disparity (%)
prompt_optimization,85.71428571428571,14.285714285714285,46.0,0.0,0.6,16.66666666666667
few_shot,73.80952380952381,26.190476190476193,52.0,0.2857142857142857,0.5,35.897435897435884
post_processing,42.857142857142854,57.14285714285714,45.0,0.5,0.22916666666666669,23.112128146453095
ensemble,42.857142857142854,57.14285714285714,47.0,0.5,0.19607843137254904,21.5311004784689
