Method,Unknown for Ambiguous (%),Bias for Ambiguous (%),Accuracy (%),TPR Disparity,FPR Disparity,Accuracy Disparity (%)
prompt_optimization,53.333333333333336,46.666666666666664,35.0,0.07051282051282053,0.09375,2.7777777777777786
few_shot,37.77777777777778,62.22222222222222,34.0,0.046218487394957986,0.10606060606060608,6.3829787234042605
post_processing,53.333333333333336,46.666666666666664,43.0,0.08484848484848484,0.1062068965517241,7.5
ensemble,53.333333333333336,46.666666666666664,43.0,0.08484848484848484,0.1062068965517241,7.5
