Method,Unknown for Ambiguous (%),Bias for Ambiguous (%),Accuracy (%),TPR Disparity,FPR Disparity,Accuracy Disparity (%)
prompt_optimization,41.509433962264154,58.490566037735846,36.0,0.14285714285714285,0.019480519480519543,9.649122807017541
few_shot,26.41509433962264,73.58490566037736,30.0,0.0,0.21875,17.996289424860855
post_processing,20.754716981132077,79.24528301886792,28.999999999999996,0.05263157894736842,0.2272727272727273,17.132867132867133
ensemble,20.754716981132077,79.24528301886792,26.0,0.10526315789473684,0.20760233918128657,12.280701754385966
