Method,Unknown for Ambiguous (%),Bias for Ambiguous (%),Accuracy (%),TPR Disparity,FPR Disparity,Accuracy Disparity (%)
prompt_optimization,71.69811320754717,28.30188679245283,50.0,0.3333333333333333,0.0027586206896552112,10.473457675753224
few_shot,66.0377358490566,33.9622641509434,45.0,0.0,0.0025000000000000022,1.1031439602868147
post_processing,33.9622641509434,66.0377358490566,38.0,0.07738095238095238,0.009740259740259716,9.259259259259267
ensemble,35.84905660377358,64.15094339622641,42.0,0.17222222222222222,0.0,12.339743589743591
