Method,Unknown for Ambiguous (%),Bias for Ambiguous (%),Accuracy (%),TPR Disparity,FPR Disparity,Accuracy Disparity (%)
prompt_optimization,65.3061224489796,34.69387755102041,39.0,0.5,1.0,53.84615384615385
few_shot,71.42857142857143,28.57142857142857,40.0,0.5,0.8333333333333334,50.0
post_processing,48.97959183673469,51.02040816326531,37.0,0.3333333333333333,1.0,43.75
ensemble,44.89795918367347,55.10204081632652,35.0,0.3333333333333333,1.0,46.666666666666664
