Method,Unknown for Ambiguous (%),Bias for Ambiguous (%),Accuracy (%),TPR Disparity,FPR Disparity,Accuracy Disparity (%)
prompt_optimization,71.11111111111111,28.888888888888886,50.0,1.0,1.0,60.0
few_shot,68.88888888888889,31.11111111111111,38.0,0.16666666666666666,0.75,60.0
post_processing,35.55555555555556,64.44444444444444,35.0,0.5,0.75,60.0
ensemble,35.55555555555556,64.44444444444444,35.0,0.5,0.75,60.0
