Method,Unknown for Ambiguous (%),Bias for Ambiguous (%),Accuracy (%),TPR Disparity,FPR Disparity,Accuracy Disparity (%)
prompt_optimization,75.0,25.0,95.375,1.0,0.22727272727272727,29.0
few_shot,73.21428571428571,26.785714285714285,94.11111111111113,1.0,0.13636363636363635,37.0
post_processing,32.142857142857146,67.85714285714286,92.70588235294117,1.0,0.11702127659574468,46.0
ensemble,37.5,62.5,93.05882352941177,1.0,0.10638297872340426,43.00000000000001
