Method,Unknown for Ambiguous (%),Bias for Ambiguous (%),Accuracy (%),TPR Disparity,FPR Disparity,Accuracy Disparity (%)
prompt_optimization,65.45454545454545,34.54545454545455,90.0,1.0,0.12323232323232323,37.0
few_shot,45.45454545454545,54.54545454545454,88.0,1.0,0.13731060606060608,44.0
post_processing,20.0,80.0,86.29999999999998,1.0,0.17045454545454544,47.0
ensemble,18.181818181818183,81.81818181818183,86.5,1.0,0.17045454545454544,47.0
