Method,Score,Rank
prompt_optimization,31.025650348377145,1
few_shot,23.18213289640147,2
post_processing,11.12801539069316,3
ensemble,10.819494187658934,4
