Method,Score,Rank
prompt_optimization,36.681888221910235,1
few_shot,23.41107087804915,2
ensemble,12.153306276356265,3
post_processing,11.447914830086397,4
