Method,Unknown for Ambiguous (%),Bias for Ambiguous (%),Accuracy (%),TPR Disparity,FPR Disparity,Accuracy Disparity (%)
prompt_optimization,82.6086956521739,17.391304347826086,94.29411764705883,1.0,0.25925925925925924,33.0
few_shot,67.3913043478261,32.608695652173914,94.55,1.0,0.2037037037037037,41.0
post_processing,41.30434782608695,58.69565217391305,94.9090909090909,1.0,0.0851063829787234,37.0
ensemble,43.47826086956522,56.52173913043478,95.22727272727273,1.0,0.0851063829787234,35.0
