Method,Unknown for Ambiguous (%),Bias for Ambiguous (%),Accuracy (%),TPR Disparity,FPR Disparity,Accuracy Disparity (%)
prompt_optimization,82.6086956521739,17.391304347826086,46.0,1.0,1.0,100.0
few_shot,67.3913043478261,32.608695652173914,44.0,1.0,1.0,100.0
post_processing,41.30434782608695,58.69565217391305,42.0,1.0,1.0,100.0
ensemble,43.47826086956522,56.52173913043478,46.0,1.0,1.0,100.0
